{
  "current": {
    "customer_layout": "theme",
    "sale_rondel_text": "Sale",
    "sold_out_rondel_text": "Sold Out",
    "buy_medallion_text": "Buy",
    "word_for_vendor": "brand",
    "global_heading_font_color": "#333333",
    "bg_color": "#ffffff",
    "page_bg_color": "#ffffff",
    "primary_border": "#e2e2e2",
    "secondary_border": "#eeeeee",
    "global_button_color": "#c90000",
    "global_button_color_hover": "#d1d1d1",
    "global_button_font_color": "#ffffff",
    "input_border": "#d2d2d2",
    "input_text": "#333333",
    "input_hint_color": "#bbbbbb",
    "header_color": "#a9aaaa",
    "header_link_hover": "#333333",
    "header_link_underline": "#d4d4d4",
    "header_link_underline_hover": "#545454",
    "navigation_active_color": "#333333",
    "navigation_dropdown_bg_color": "#444444",
    "navigation_dropdown_background_hover": "#333333",
    "navigation_dropdown_link_color": "#ffffff",
    "navigation_dropdown_link_hover_color": "#ffffff",
    "global_text_font_color": "#9e9c9c",
    "global_text_highlight_color": "#d11f1f",
    "global_blockquote_color": "#999999",
    "global_blockquote_border_color": "#e2e2e2",
    "global_table_background_color": "#fafafa",
    "global_table_border_color": "#b9b9b9",
    "global_link_color": "#cf6767",
    "global_hover_color": "#a86b6b",
    "slider_navigation": "#999999",
    "slider_navigation_hover": "#333333",
    "price_color": "#a9aaaa",
    "sale_price_color": "#c9413a",
    "sale_rondel_color": "#b55d59",
    "sold_out_rondel_color": "#555555",
    "prod_thumbnail_background": "#ffffff",
    "global_small_link_color": "#c2bcbc",
    "global_small_hover_color": "#6b6a6a",
    "global_small_link_underline_color": "#d4d4d4",
    "global_small_link_underline_hover_color": "#ffffff",
    "pagination_bg_hover_color": "#f5f5f5",
    "pagination_border_hover_color": "#dbdbdb",
    "global_search_highlight_color": "#ebc5c5",
    "comments_quote": "#e2e2e2",
    "sub_footer_text": "#aaaaaa",
    "sub_footer_link": "#c7c3c3",
    "sub_footer_link_hover": "#bf5a5a",
    "mini_slider_title": "Products of the week",
    "product_list_title": "New products",
    "collection_list_title": "Browse by Category",
    "fp_blog_title": "From the blog",
    "fp_blog_rm_label": "Read more",
    "fp_browse_label": "Browse",
    "fp_link_list_1_label": "Special Collections",
    "fp_link_list_2_label": "Quick Links",
    "fp_title": "",
    "slideshow_height": "490",
    "slide_1_bg_color": "#000000",
    "slide_1_caption": "",
    "slide_1_link_title": "",
    "slide_1_link_url": "/admin/themes/current/settings",
    "slide_2_bg_color": "#000000",
    "slide_2_caption": "",
    "slide_2_link_title": "",
    "slide_2_link_url": "/admin/themes/current/settings",
    "slide_3_bg_color": "#000000",
    "slide_3_caption": "",
    "slide_3_link_title": "",
    "slide_3_link_url": "/admin/themes/current/settings",
    "slide_4_bg_color": "#000000",
    "slide_4_caption": "",
    "slide_4_link_title": "",
    "slide_4_link_url": "",
    "slide_5_bg_color": "#000000",
    "slide_5_caption": "",
    "slide_5_link_title": "",
    "slide_5_link_url": "",
    "slide_6_bg_color": "#000000",
    "slide_6_caption": "",
    "slide_6_link_title": "",
    "slide_6_link_url": "",
    "bbt_label": "Browse by tag",
    "back_order_msg": "%s is back-ordered. We will ship it separately in 10 to 15 days.",
    "related_prod_title": "Similar items",
    "page_blog_label": "From our blog",
    "blog_label": "Recently posted",
    "cart_notes_title": "Additional comments",
    "shipping_calculator_heading": "Shipping rates calculator",
    "shipping_calculator_default_country": "Canada",
    "shipping_calculator_submit_button_label": "Calculate shipping estimate",
    "shipping_calculator_submit_button_label_disabled": "Calculating...",
    "search_title": "Search",
    "404_title": "404 Page Not Found",
    "about_module_title": "About",
    "social_twitter": "https://twitter.com/shopify",
    "social_facebook": "http://www.facebook.com/shopify",
    "social_tumblr": "http://www.tumblr.com",
    "social_instagram": "http://instagram.com/shopify",
    "social_pinterest": "http://pinterest.com/shopify",
    "social_youtube": "http://www.youtube.com/shopify",
    "social_vimeo": "http://vimeo.com/shopify",
    "contact_module_title": "Contact Us",
    "contact_module_email": "",
    "contact_module_phone": "(555) 555-5678",
    "contact_module_fax": "",
    "mailing_list_title": "Newsletter",
    "supported_currencies": "CAD USD",
    "slide_1_video": "",
    "slide_2_video": "",
    "slide_3_video": "",
    "slide_4_video": "",
    "slide_5_video": "",
    "slide_6_video": "",
    "comments_error_message": "Not all the fields were filled in correctly!",
    "404_tagline": "The page you requested does not exist. Click <a href=\"/collections/all\">here</a> to continue shopping.",
    "about_module_text": "This is a freshly installed Shopify store. You haven't inputted any \"About\" information yet and so if it looks naked, that's because it is! Jump into the <a href=\"http://www.shopify.com/admin/themes/current/settings\">theme settings</a> and personalize away. You can edit this text in the <b>Footer</b> section.",
    "contact_module_address": "Shopify Store<br />\r\nAttn: Online Department<br />\r\n16 W 19th Street<br />\r\nNew York 10011",
    "mailchimp_form_action": "",
    "mailing_list_tagline": "We promise to only send you good things.",
    "repeat_bg": "repeat",
    "bg_pos": "center top",
    "logo_font": "'Helvetica Neue', Helvetica, Arial, sans-serif",
    "nav_font": "'Helvetica Neue', Helvetica, Arial, sans-serif",
    "text_font": "'Helvetica Neue', Helvetica, Arial, sans-serif",
    "headings_font": "Palatino, 'Palatino Linotype', 'Book Antiqua', serif",
    "accent_font": "Georgia, Utopia, 'Times New Roman', Times, serif",
    "mini_slider_limit": "9",
    "product_list_limit": "4",
    "fp_blog_limit": "1",
    "rotate_freq": "10000",
    "slide_1_media_type": "image",
    "slide_1_link_type": "slide_link",
    "slide_2_media_type": "image",
    "slide_2_link_type": "slide_link",
    "slide_3_media_type": "image",
    "slide_3_link_type": "slide_link",
    "slide_4_media_type": "image",
    "slide_4_link_type": "slide_link",
    "slide_5_media_type": "image",
    "slide_5_link_type": "slide_link",
    "slide_6_media_type": "video",
    "slide_6_link_type": "slide_link",
    "products_per_row": "4",
    "collection_ppp": "8",
    "product_img_w_to_h_ratio": "1",
    "prod_desc_placement": "below",
    "page_blog_limit": "4",
    "blog_app": "10",
    "article_cpp": "10",
    "search_ppp": "10",
    "currency_format": "money_format",
    "use_bg_image": false,
    "bg_fixed": false,
    "bg_stretched": false,
    "use_logo": false,
    "force_wide_view": false,
    "show_sale_rondel": true,
    "show_sold_out_rondel": true,
    "show_buy_medallion": true,
    "show_vendor": true,
    "page_bg_transparent": true,
    "prod_thumbnail_background_transparent": false,
    "show_product_slider": true,
    "show_product_list": false,
    "hide_view_collection_link": false,
    "show_collection_list": true,
    "show_welcome_text": false,
    "show_blog": true,
    "show_browse": true,
    "show_bb_vendor": true,
    "show_bb_category": true,
    "show_link_list_1": false,
    "show_link_list_2": false,
    "show_slideshow": true,
    "slideshow_auto": true,
    "slide_1": true,
    "slide_2": true,
    "slide_3": true,
    "slide_4": false,
    "slide_5": false,
    "slide_6": false,
    "show_bbt": true,
    "show_qty": false,
    "notify_me_form": false,
    "show_related_products": true,
    "show_page_blog": true,
    "show_cart_notes": true,
    "show_shipping_calculator": true,
    "search_products_only": false,
    "show_about_module": true,
    "show_contact_module": true,
    "show_mailing_list_module": true,
    "show_payment_options": true,
    "show_paypal": true,
    "show_visa": true,
    "show_mastercard": true,
    "show_amex": false,
    "show_discover": false,
    "show_cirrus": false,
    "show_maestro": false,
    "show_google_wallet": false,
    "show_dankort": false,
    "payment_methods_dark": false,
    "show_multiple_currencies": false,
    "mini_slider_collection": "frontpage",
    "product_list_collection": "frontpage",
    "collection_list_ll": "",
    "welcome_text_page": "frontpage",
    "fp_blog": "news",
    "fp_link_list_1": "",
    "fp_link_list_2": "",
    "ll_collections": "",
    "page_blog": "news",
    "social_rss": "news",
    "featured_products": ""
  },
  "presets": {
    "Slate": {
      "customer_layout": "theme",
      "sale_rondel_text": "Sale",
      "sold_out_rondel_text": "Sold Out",
      "buy_medallion_text": "Buy",
      "word_for_vendor": "brand",
      "global_heading_font_color": "#333333",
      "bg_color": "#ffffff",
      "page_bg_color": "#ffffff",
      "primary_border": "#e2e2e2",
      "secondary_border": "#eeeeee",
      "global_button_color": "#677e87",
      "global_button_color_hover": "#333333",
      "global_button_font_color": "#ffffff",
      "input_border": "#d2d2d2",
      "input_text": "#333333",
      "input_hint_color": "#bbbbbb",
      "header_color": "#a9aaaa",
      "header_link_hover": "#333333",
      "header_link_underline": "#d4d4d4",
      "header_link_underline_hover": "#545454",
      "navigation_active_color": "#333333",
      "navigation_dropdown_bg_color": "#444444",
      "navigation_dropdown_background_hover": "#333333",
      "navigation_dropdown_link_color": "#ffffff",
      "navigation_dropdown_link_hover_color": "#ffffff",
      "global_text_font_color": "#333333",
      "global_text_highlight_color": "#9abcca",
      "global_blockquote_color": "#999999",
      "global_blockquote_border_color": "#e2e2e2",
      "global_table_background_color": "#fafafa",
      "global_table_border_color": "#b9b9b9",
      "global_link_color": "#677e87",
      "global_hover_color": "#333333",
      "slider_navigation": "#999999",
      "slider_navigation_hover": "#333333",
      "price_color": "#a9aaaa",
      "sale_price_color": "#fe362c",
      "sale_rondel_color": "#ff2419",
      "sold_out_rondel_color": "#555555",
      "prod_thumbnail_background": "#ffffff",
      "global_small_link_color": "#999999",
      "global_small_hover_color": "#888888",
      "global_small_link_underline_color": "#d4d4d4",
      "global_small_link_underline_hover_color": "#888888",
      "pagination_bg_hover_color": "#f5f5f5",
      "pagination_border_hover_color": "#cccccc",
      "global_search_highlight_color": "#9abcca",
      "comments_quote": "#e2e2e2",
      "sub_footer_text": "#aaaaaa",
      "sub_footer_link": "#999999",
      "sub_footer_link_hover": "#888888",
      "mini_slider_title": "Products of the week",
      "product_list_title": "New products",
      "collection_list_title": "Browse by Category",
      "fp_blog_title": "From the blog",
      "fp_blog_rm_label": "Read more",
      "fp_browse_label": "Browse",
      "fp_link_list_1_label": "Special Collections",
      "fp_link_list_2_label": "Quick Links",
      "fp_title": "",
      "slideshow_height": "490",
      "slide_1_bg_color": "#000000",
      "slide_1_caption": "",
      "slide_1_link_title": "",
      "slide_1_link_url": "/admin/themes/current/settings",
      "slide_2_bg_color": "#000000",
      "slide_2_caption": "",
      "slide_2_link_title": "",
      "slide_2_link_url": "/admin/themes/current/settings",
      "slide_3_bg_color": "#000000",
      "slide_3_caption": "",
      "slide_3_link_title": "",
      "slide_3_link_url": "/admin/themes/current/settings",
      "slide_4_bg_color": "#000000",
      "slide_4_caption": "",
      "slide_4_link_title": "",
      "slide_4_link_url": "",
      "slide_5_bg_color": "#000000",
      "slide_5_caption": "",
      "slide_5_link_title": "",
      "slide_5_link_url": "",
      "slide_6_bg_color": "#000000",
      "slide_6_caption": "",
      "slide_6_link_title": "",
      "slide_6_link_url": "",
      "bbt_label": "Browse by tag",
      "back_order_msg": "%s is back-ordered. We will ship it separately in 10 to 15 days.",
      "related_prod_title": "Similar items",
      "page_blog_label": "From our blog",
      "blog_label": "Recently posted",
      "cart_notes_title": "Additional comments",
      "shipping_calculator_heading": "Shipping rates calculator",
      "shipping_calculator_default_country": "Canada",
      "shipping_calculator_submit_button_label": "Calculate shipping estimate",
      "shipping_calculator_submit_button_label_disabled": "Calculating...",
      "search_title": "Search",
      "404_title": "404 Page Not Found",
      "about_module_title": "About",
      "social_twitter": "https://twitter.com/shopify",
      "social_facebook": "http://www.facebook.com/shopify",
      "social_tumblr": "http://www.tumblr.com",
      "social_instagram": "http://instagram.com/shopify",
      "social_pinterest": "http://pinterest.com/shopify",
      "social_youtube": "http://www.youtube.com/shopify",
      "social_vimeo": "http://vimeo.com/shopify",
      "contact_module_title": "Contact Us",
      "contact_module_email": "",
      "contact_module_phone": "(555) 555-5678",
      "contact_module_fax": "",
      "mailing_list_title": "Newsletter",
      "supported_currencies": "CAD USD",
      "slide_1_video": "",
      "slide_2_video": "",
      "slide_3_video": "",
      "slide_4_video": "",
      "slide_5_video": "",
      "slide_6_video": "",
      "comments_error_message": "Not all the fields were filled in correctly!",
      "404_tagline": "The page you requested does not exist. Click <a href=\"/collections/all\">here</a> to continue shopping.",
      "about_module_text": "This is a freshly installed Shopify store. You haven't inputted any \"About\" information yet and so if it looks naked, that's because it is! Jump into the <a href=\"http://www.shopify.com/admin/themes/current/settings\">theme settings</a> and personalize away. You can edit this text in the <b>Footer</b> section.",
      "contact_module_address": "Shopify Store<br />\r\nAttn: Online Department<br />\r\n16 W 19th Street<br />\r\nNew York 10011",
      "mailchimp_form_action": "",
      "mailing_list_tagline": "We promise to only send you good things.",
      "repeat_bg": "repeat",
      "bg_pos": "center top",
      "logo_font": "'Helvetica Neue', Helvetica, Arial, sans-serif",
      "nav_font": "'Helvetica Neue', Helvetica, Arial, sans-serif",
      "text_font": "'Helvetica Neue', Helvetica, Arial, sans-serif",
      "headings_font": "'Helvetica Neue', Helvetica, Arial, sans-serif",
      "accent_font": "Georgia, Utopia, 'Times New Roman', Times, serif",
      "mini_slider_limit": "9",
      "product_list_limit": "4",
      "fp_blog_limit": "1",
      "rotate_freq": "10000",
      "slide_1_media_type": "image",
      "slide_1_link_type": "slide_link",
      "slide_2_media_type": "image",
      "slide_2_link_type": "slide_link",
      "slide_3_media_type": "image",
      "slide_3_link_type": "slide_link",
      "slide_4_media_type": "image",
      "slide_4_link_type": "slide_link",
      "slide_5_media_type": "image",
      "slide_5_link_type": "slide_link",
      "slide_6_media_type": "video",
      "slide_6_link_type": "slide_link",
      "products_per_row": "4",
      "collection_ppp": "8",
      "product_img_w_to_h_ratio": "1",
      "prod_desc_placement": "below",
      "page_blog_limit": "4",
      "blog_app": "10",
      "article_cpp": "10",
      "search_ppp": "10",
      "currency_format": "money_format",
      "use_bg_image": false,
      "bg_fixed": false,
      "bg_stretched": false,
      "use_logo": false,
      "force_wide_view": false,
      "show_sale_rondel": true,
      "show_sold_out_rondel": true,
      "show_buy_medallion": true,
      "show_vendor": true,
      "page_bg_transparent": true,
      "prod_thumbnail_background_transparent": false,
      "show_product_slider": true,
      "show_product_list": false,
      "hide_view_collection_link": false,
      "show_collection_list": true,
      "show_welcome_text": false,
      "show_blog": true,
      "show_browse": true,
      "show_bb_vendor": true,
      "show_bb_category": true,
      "show_link_list_1": false,
      "show_link_list_2": false,
      "show_slideshow": true,
      "slideshow_auto": true,
      "slide_1": true,
      "slide_2": true,
      "slide_3": true,
      "slide_4": false,
      "slide_5": false,
      "slide_6": false,
      "show_bbt": true,
      "show_qty": false,
      "notify_me_form": false,
      "show_related_products": true,
      "show_page_blog": true,
      "show_cart_notes": true,
      "show_shipping_calculator": true,
      "search_products_only": false,
      "show_about_module": true,
      "show_contact_module": true,
      "show_mailing_list_module": true,
      "show_payment_options": true,
      "show_paypal": true,
      "show_visa": true,
      "show_mastercard": true,
      "show_amex": false,
      "show_discover": false,
      "show_cirrus": false,
      "show_maestro": false,
      "show_google_wallet": false,
      "show_dankort": false,
      "payment_methods_dark": false,
      "show_multiple_currencies": false,
      "mini_slider_collection": "frontpage",
      "product_list_collection": "frontpage",
      "collection_list_ll": "",
      "welcome_text_page": "frontpage",
      "fp_blog": "news",
      "fp_link_list_1": "",
      "fp_link_list_2": "",
      "ll_collections": "",
      "page_blog": "news",
      "social_rss": "news",
      "featured_products": ""
    }
  }
}